{"test_loss": 0.28030353486537934, "test_acc": 0.953409090909091, "number_of_parameters": 7705221, "model_size (MB)": 29}