{"test_loss": 0.3167259097099304, "test_acc": 0.9466666666666667, "number_of_parameters": 85800963, "model_size (MB)": 327}